"CO_ENTIDADE","nome_escola_2020","situacao_2021","dependencia","rede","matriculas_2020","address","Latitude","Longitude "
35194311,"MUNDO MAIOR CENTRO DE RECREACAO INFANTIL","extinta_2021","3_privada_nao_conveniada","privada",22,"CAXIAS DUQUE, 241 RUA. CENTRO. 06401-010 Barueri - SP.","-46.8738013"," -23.5095917"
35388853,"SONHO MAGICO CENTRO DE RECREACAO INFANTIL","extinta_2021","3_privada_nao_conveniada","privada",183,"ALDEIA, 71 AVENIDA. JARDIM IRACEMA. 06440-000 Barueri - SP.","-46.8546758"," -23.5114551"
35482274,"CRISTAO ASAS COLEGIO","extinta_2021","3_privada_nao_conveniada","privada",34,"DIAMANTE, 128 RUA. JARDIM DOS CAMARGOS. 06410-180 Barueri - SP.","-46.8656437"," -23.5007707"
35006912,"ESCOLA EDUCACAO INFANTIL E BERCARIO DE PAULA BABY","paralisada_2021","3_privada_nao_conveniada","privada",1,NA,"NA"," NA"
35006924,"A C DE CAMARGO BORSI ESCOLA DE ENSINO INFANTIL SANTANNA","extinta_2021","3_privada_nao_conveniada","privada",2,NA,"NA"," NA"
35566962,"ESCOLA DE EDUCACAO INFANTIL FILHOS DO REI","extinta_2021","3_privada_nao_conveniada","privada",5,"JOSE DO CARMO LEITE, 84 RUA. REGIAO CENTRAL. 07700-130 Caieiras - SP.","-46.7420751"," -23.3630505"
35151488,"VERA ZUCCHI COLEGIO EDUCACAO INFAN ENSINO FUND E MEDIO","paralisada_2021","3_privada_nao_conveniada","privada",2,"RUA ANTONIO DE BARROS, 03 VILA ABRAO. 07786-740 Cajamar - SP.","-46.828941"," -23.3380198"
35004357,"CENTRO DE RECREACAO INFANTIL FAVO DE MEL","paralisada_2021","2_privada_conveniada","pública ou conveniada",208,"DOIS CORREGOS, 258 CIDADE ARISTON ESTELA AZEVEDO. 06390-290 Carapicuíba - SP.","NaN"," NaN"
35006450,"SELMA A DE M CARLOS ESCOLA DE EDUCACAO INFANTIL - ESPACO DA CRIANCA","paralisada_2021","3_privada_nao_conveniada","privada",41,NA,"NA"," NA"
35006547,"COLEGIO MAGIC MONTESSORI BERCARIO E EDUCACAO INFANTIL","paralisada_2021","3_privada_nao_conveniada","privada",2,NA,"NA"," NA"
35434206,"CARROSSEL ESCOLA DE EDUCACAO INFANTIL","paralisada_2021","3_privada_nao_conveniada","privada",63,"INOCENCIO SERAFICO, 2470 AVENIDA. VILA SILVA RIBEIRO. 06380-021 Carapicuíba - SP.","-46.8343744"," -23.5444321"
35472529,"CRISTAL ESCOLA DE EDUCACAO INFANTIL","paralisada_2021","3_privada_nao_conveniada","privada",53,"PRUDENTE DE MORAES, 177 RUA. VILA CALDAS. 06310-101 Carapicuíba - SP.","-46.84207"," -23.51998"
35580089,"ESCOLA DE EDUCACAO INFANTIL BAMBI","paralisada_2021","3_privada_nao_conveniada","privada",19,"INOCENCIO SERAFICO, 4550 AVENIDA. VILA DIRCE. 06343-410 Carapicuíba - SP.","-46.8359443"," -23.5621633"
35583424,"ESCOLA DE EDUCACAO INFANTIL VOVO OLINDA","paralisada_2021","2_privada_conveniada","pública ou conveniada",53,"PEQUIA, 1700 ESTRADA. VILA SILVIANIA. 06381-095 Carapicuíba - SP.","NaN"," NaN"
35811221,"NELY INSTITUTO EDUCACIONAL INFANTIL","paralisada_2021","3_privada_nao_conveniada","privada",1,"EPITACIO PRESIDENTE, 2 RUA. VILA LEOPOLDO. 06332-250 Carapicuíba - SP.","-46.83235"," -23.54549"
35006451,"ESCOLA EVANGELICA DE EDUCACAO INFANTIL TOCA DO GATINHO","extinta_2021","3_privada_nao_conveniada","privada",21,NA,"NA"," NA"
35448977,"JARDIM SANTA RITA DE CASSIA CENTRO EDUCACIONAL","extinta_2021","1_publica","pública ou conveniada",84,"LEONOR DE SAO JOSE IRMA, 244 RUA. PARQUE SANTA RITA DE CASSIA. 06700-610 Cotia - SP.","-46.9460213"," -23.6088347"
35450340,"COTIA CENTRO EDUCACIONAL DE","extinta_2021","1_publica","pública ou conveniada",66,"CYNIRA CRUZ, 98 RUA. JARDIM LEONOR. 06700-148 Cotia - SP.","-46.9289381"," -23.6058105"
35005430,"ESCOLA INFANTIL OBEDE EDOM","extinta_2021","3_privada_nao_conveniada","privada",45,"MARECHAL DEODORO, 151 CENTRO. 09912-020 Diadema - SP.","NaN"," NaN"
35300305,"RISQUE E RABISQUE CENTRO EDUCACIONAL","paralisada_2021","3_privada_nao_conveniada","privada",3,"RUA SAO FRANCISCO DE ASSIS, 101 RUA. CENTRO. 09911-000 Diadema - SP.","-46.6281024"," -23.6859268"
35366473,"CRIANCA FELIZ ESCOLA","paralisada_2021","3_privada_nao_conveniada","privada",32,"BELEM, 56 RUA. JARDIM VISTA ALEGRE. 06807-340 Embu das Artes - SP.","-46.8203514"," -23.6267428"
35487843,"HOTELZINHO E POUSADINHA CEGONHA BERCARIO","paralisada_2021","3_privada_nao_conveniada","privada",12,"14 DE OUTUBRO, 06 AVENIDA. SITIO PAREDAO. 08501-190 Ferraz de Vasconcelos - SP.","-46.3634477"," -23.5382622"
35004240,"PART - RIX CENTRO EDUCACIONAL","paralisada_2021","3_privada_nao_conveniada","privada",30,"RUA MIRABELLI, 44 TRANQUILIDADE. 07051-130 Guarulhos - SP.","NaN"," NaN"
35140855,"MARIA BRAND COLEGIO","extinta_2021","3_privada_nao_conveniada","privada",29,"AVENIDA JOAO CAVALARI, 272 RUA. PONTE GRANDE. 07030-020 Guarulhos - SP.","-46.5505031"," -23.4951613"
35298037,"GERACAO 2000 COLEGIO","paralisada_2021","3_privada_nao_conveniada","privada",21,"BENTO TRAIRI SAO, 342 RUA. JARDIM SAO JOAO. 07151-310 Guarulhos - SP.","-46.4571915"," -23.4075376"
35442458,"CAMINHO DO SABER COLEGIO","paralisada_2021","3_privada_nao_conveniada","privada",15,"SACRAMENTO, 426 ESTRADA. CIDADE TUPINAMBA. 07263-000 Guarulhos - SP.","-46.4114667"," -23.4616703"
35447407,"COLEGIO ALEXANDRE FAUZI","extinta_2021","3_privada_nao_conveniada","privada",2,"JAIMINHO, 446 VILA PROGRESSO. 07095-150 Guarulhos - SP.","-46.5479"," -23.43779"
35477680,"PART - OHANA NUCLEO DE EDUCACAO INFANTIL","paralisada_2021","3_privada_nao_conveniada","privada",11,"AVENIDA CARMELA THOMEU, 80 BONSUCESSO. 07178-450 Guarulhos - SP.","-46.39839"," -23.40014"
35805661,"COLEGIO OBJETIVO PLENITUDE I","extinta_2021","3_privada_nao_conveniada","privada",18,"RUA SERGIO REIS DE OLIVEIRA REOLI MAMONAS, 137 RUA. PARQUE CONTINENTAL I. 07077-090 Guarulhos - SP.","-46.5561069"," -23.4368624"
35811464,"COLEGIO BAUER","extinta_2021","3_privada_nao_conveniada","privada",23,"PROFESSOR JOSE MUNHOZ, 437 JARDIM MUNHOZ. 07033-000 Guarulhos - SP.","-46.5546585"," -23.4968382"
35004945,"CENTRO EDUCACIONAL TOCA DO COELHO","paralisada_2021","3_privada_nao_conveniada","privada",22,"CARLOS DOMINGUES TANTICO, 424 JARDIM TEREZA MARIA. 06850-670 Itapecerica da Serra - SP.","-46.8460869"," -23.7096937"
35179700,"BRANCA DE NEVE ESCOLA E RECREACAO INFANTIL","extinta_2021","3_privada_nao_conveniada","privada",22,"RUA FRANCISCO DE BARROS COBRA, 81 RUA. JARDIM NOSSA SENHORA DE FATIMA. 06624-020 Jandira - SP.","-46.9079983"," -23.5554867"
35179711,"JANELINHAS DO SABER RECREACAO INFANTIL","paralisada_2021","3_privada_nao_conveniada","privada",13,"RUA JORGE DE OLIVEIRA PRADO, 29 RUA. JARDIM BROTINHO. 06604-270 Jandira - SP.","-46.9072708"," -23.5401993"
35572731,"CRIANCA FELIZ EMEB","paralisada_2021","1_publica","pública ou conveniada",114,"FERNANDO PESSOA, 48 RUA. JARDIM SOROCABANO. 06606-040 Jandira - SP.","-46.906243"," -23.534309"
35503708,"COLEGIO JUQUITIBA","extinta_2021","3_privada_nao_conveniada","privada",36,"BRIGADEIRO FARIA LIMA, 27 RUA. CENTRO. 06950-000 Juquitiba - SP.","-47.0652434"," -23.934535"
35005008,"GERACAO DO BEN","extinta_2021","3_privada_nao_conveniada","privada",19,"EPONINA DE SOUZA SENA, 53 JARDIM ESTRELA. 09340-485 Mauá - SP.","NaN"," NaN"
35498762,"CANTINHO DOS BAIXINHOS ESCOLA INFANTIL","extinta_2021","3_privada_nao_conveniada","privada",53,"CASTELO BRANCO PRESIDENTE, 482 AVENIDA. JARDIM ZAIRA. 09321-375 Mauá - SP.","-46.4483231"," -23.6608064"
35584174,"RECANTO INFANTIL ILHA DA FANTASIA","extinta_2021","3_privada_nao_conveniada","privada",13,"MANSUR JOSE SADEK, 723 AVENIDA. JARDIM ZAIRA. 09321-030 Mauá - SP.","-46.43374583"," -23.65340994"
35584186,"CENTRO EDUCACIONAL BRILHANTE TURMINHA","extinta_2021","3_privada_nao_conveniada","privada",18,"MIOSOTIS, 200 RUA. JARDIM PRIMAVERA. 09361-290 Mauá - SP.","-46.4575245"," -23.6982064"
35005385,"NUCLEO DE EDUCACAO E RECREACAO ESTRELA DA MANHA","extinta_2021","3_privada_nao_conveniada","privada",54,"CAPITAO JOAQUIM DE MELLO FREIRE, 270 VILA VITORIA. 08730-440 Mogi das Cruzes - SP.","-46.2068313"," -23.532875"
35109514,"VITORIA CENTRO DE EDUCACAO INFANTIL COMUNITARIO","paralisada_2021","2_privada_conveniada","pública ou conveniada",40,"RUA A, 58 RUA. VILA MORAES. 08766-520 Mogi das Cruzes - SP.","-46.1870946"," -23.5783642"
35175833,"SANTA CLARA ENSINO EDUCACIONAL INFANTIL","extinta_2021","3_privada_nao_conveniada","privada",21,"AVENIDA CAPITAO MANOEL RUDGE, 1006 AVENIDA. PARQUE MONTE LIBANO. 08780-290 Mogi das Cruzes - SP.","-46.1799114"," -23.5203891"
35289000,"ESTRELA DE DAVI NUCLEO INFANTIL DE EDUCACAO POR PRINCIPIOS","paralisada_2021","3_privada_nao_conveniada","privada",13,"CARDOSO DE SIQUEIRA CORONEL, 1928 RUA. VILA OLIVEIRA. 08795-020 Mogi das Cruzes - SP.","-46.1770379"," -23.5321513"
35005908,"ESCOLA DE EDUCACAO INFANTIL NOVA GERACAO UNIDADE II","paralisada_2021","3_privada_nao_conveniada","privada",7,"SANTO ANTONIO, 2502 VILA OSASCO. 06083-205 Osasco - SP.","NaN"," NaN"
35006235,"BERCARIO E EDUCACAO INFANTIL CORDEL DA VILA","paralisada_2021","3_privada_nao_conveniada","privada",128,"DOUTOR MARTIN LUTHER KING, 2697 UMUARAMA. 06030-000 Osasco - SP.","NaN"," NaN"
35006459,"ESCOLA DE EDUCACAO E RECREACAO INFANTIL NOVA HISTORIA","paralisada_2021","3_privada_nao_conveniada","privada",8,NA,"NA"," NA"
35007147,"CONSTRUINDO O SABER","paralisada_2021","3_privada_nao_conveniada","privada",7,NA,"NA"," NA"
35152377,"PIMPAO ESCOLA EDUCACAO INFAMTIL","paralisada_2021","3_privada_nao_conveniada","privada",33,"RUA ANGELO ALBERTO NESTI, 106 RUA. JARDIM HELENA. 06053-060 Osasco - SP.","-46.7916611"," -23.5651282"
35176370,"RAIO DE LUZ CENTRO DE RECREACAO INFANTIL","paralisada_2021","3_privada_nao_conveniada","privada",61,"ANALICE SAKATAUSKAS, 716 AVENIDA. BELA VISTA. 06060-003 Osasco - SP.","-46.7794845"," -23.5521249"
35384100,"LIMA CAVALCANTE COLEGIO","paralisada_2021","3_privada_nao_conveniada","privada",26,"BENEDITO ALVES TURIBIO, 247 AVENIDA. PADROEIRA. 06160-004 Osasco - SP.","-46.8064139"," -23.5583266"
35460643,"PAIS E FILHOS ESCOLA DE EDUCACAO INFANTIL","paralisada_2021","3_privada_nao_conveniada","privada",27,"RAUL TORRES, 249 RUA. VILA CAMPESINA. 06028-060 Osasco - SP.","-46.7655337"," -23.5470427"
35006110,"CRECHE MUNICIPAL PROFESSORA CARMEM SILVIA MARQUES SANTOS","extinta_2021","1_publica","pública ou conveniada",40,NA,"NA"," NA"
35068408,"IZOLINA RIBEIRO PEREIRA EMEB","extinta_2021","1_publica","pública ou conveniada",100,"VINTE E SEIS DE MARCO, 197 AVENIDA. CENTRO. 08562-140 Poá - SP.","-46.3440469"," -23.529196"
35224388,"JULIA MONTEIRO GARCIA EMEB","paralisada_2021","1_publica","pública ou conveniada",72,"R MONGAGUA, 333 RUA. JD AMERICA. 08555-400 Poá - SP.","-46.3545546"," -23.5076147"
35470016,"EMEB INTEGRAL ABRIGO BATUIRA","extinta_2021","1_publica","pública ou conveniada",139,"PORTO FERREIRA, 55 RUA. CENTRO. 08562-150 Poá - SP.","-46.3448335"," -23.529021"
35583765,"ESCOLA DE EDUCACAO INFANTIL REINO DE MADAGASCAR","extinta_2021","3_privada_nao_conveniada","privada",52,"RUA MARQUES DO HERVAL, 287 RUA. JARDIM MEDINA. 08556-400 Poá - SP.","-46.3467028"," -23.5137392"
35586705,"CRECHE MUNICIPAL CAROLINE GONZALES DE FREITAS","extinta_2021","1_publica","pública ou conveniada",15,"RUA JOSE HERNANDES, 44 RUA. VILA ACOREANA. 08557-330 Poá - SP.","-46.3416203"," -23.5154565"
35006184,"ESCOLA RECANTO INFANTIL EMANUEL","paralisada_2021","3_privada_nao_conveniada","privada",17,"AUGUSTO MAZIERO, 195 ALIANCA. 09403-400 Ribeirão Pires - SP.","NaN"," NaN"
35417385,"PETER PAN EMEB","paralisada_2021","1_publica","pública ou conveniada",44,"RUA GAMA, 68 RUA. JARDIM MARIA PAULA. 09450-000 Rio Grande da Serra - SP.","-46.396211"," -23.7427251"
35448928,"PEQUENO POLEGAR ESCOLA MUNICIPAL DE EDUCACAO BASICA","paralisada_2021","1_publica","pública ou conveniada",41,"RUA VICTOR BREITAUPT, 188 RUA. JARDIM MARIA PAULA. 09450-000 Rio Grande da Serra - SP.","-46.3955917"," -23.7441858"
35651576,"CRECHE DO BAIRRO OURO FINO","paralisada_2021","1_publica","pública ou conveniada",22,"BAIRRO OURO FINO, SN SIS 371. OURO FINO. 07500-000 Santa Isabel - SP.","-46.26082319"," -23.29083335"
35113517,"AYRTON SENNA DA SILVA COLEGIO MUNICIPAL","extinta_2021","1_publica","pública ou conveniada",193,"VENEZUELA, SN RUA. JARDIM SAO LUIS. 06502-290 Santana de Parnaíba - SP.","-46.9307028"," -23.4443442"
35270131,"CARROSSEL DOURADO COLEGIO MUNICIPAL","extinta_2021","1_publica","pública ou conveniada",109,"CONCHAS, 771 AVENIDA. CIDADE SAO PEDRO - GLEBA B. 06535-205 Santana de Parnaíba - SP.","-46.8515857"," -23.4265389"
35004381,"CULTURA GINZELIS CENTRO EDUCACIONAL","extinta_2021","3_privada_nao_conveniada","privada",30,"SUDAO, 86 JARDIM SANTO ALBERTO. 09260-470 Santo André - SP.","-46.49348576"," -23.63642925"
35005339,"PEGA PEGA","extinta_2021","3_privada_nao_conveniada","privada",1,"MIQUELINA, 245 VILA CAMILOPOLIS. 09230-280 Santo André - SP.","NaN"," NaN"
35006513,"ESCOLA DE EDUCACAO E RECREACAO INFANTIL ESTACAO DA ALEGRIA","extinta_2021","3_privada_nao_conveniada","privada",1,NA,"NA"," NA"
35006577,"GROW UP ENSINO INFANTIL BILINGUE EIRELI","extinta_2021","3_privada_nao_conveniada","privada",116,NA,"NA"," NA"
35007217,"AMORA BABY KIDS BERCARIO E EDUCACAO INFANTIL LTDA - ME","paralisada_2021","3_privada_nao_conveniada","privada",35,NA,"NA"," NA"
35127474,"RENOVO ESCOLA DE EDUCACAO INFANTIL","paralisada_2021","3_privada_nao_conveniada","privada",38,"PAULO NOVAIS, 194 RUA. VILA VITORIA. 09172-420 Santo André - SP.","-46.5093788"," -23.6933738"
35156085,"ESTACAO CRIANCA RECANTO INFANTIL","paralisada_2021","3_privada_nao_conveniada","privada",30,"AVENIDA DOM BOSCO, 1090 AVENIDA. VILA LUCINDA. 09240-500 Santo André - SP.","-46.51625"," -23.62959"
35188475,"PATOTINHA II CENTRO RECREACAO INFANTIL","extinta_2021","3_privada_nao_conveniada","privada",33,"RUA SARACANTA, 250 RUA. JARDIM GUARARA. 09170-790 Santo André - SP.","-46.5109285"," -23.7036527"
35188505,"VELEIRO AZUL UNIDADE INT INFANTIL","extinta_2021","3_privada_nao_conveniada","privada",51,"GILDA, 126 AVENIDA. VILA GILDA. 09190-510 Santo André - SP.","-46.5377483"," -23.6761317"
35188591,"INN - FOKE CENTRO EDUCACIONAL","paralisada_2021","3_privada_nao_conveniada","privada",21,"RUA ESPANHA, 94 RUA. PARQUE DAS NACOES. 09210-010 Santo André - SP.","-46.528822"," -23.6362857"
35303859,"CRESCENDO E APRENDENDO ESCOLA DE EDUCACAO INFANTIL","paralisada_2021","3_privada_nao_conveniada","privada",20,"JUQUIA, 912 RUA. VILA ELDIZIA. 09181-720 Santo André - SP.","-46.52748"," -23.68309"
35434930,"PLANETA ALEGRE COLEGIO","extinta_2021","3_privada_nao_conveniada","privada",24,"TIETE, 2323 AVENIDA. CAMPESTRE. 09070-310 Santo André - SP.","-46.55074"," -23.64192"
35444054,"CLUBINHO FELIZ ESCOLA DE EDUCACAO INFANTIL","paralisada_2021","3_privada_nao_conveniada","privada",73,"BORORE, 65 RUA. VILA VITORIA. 09175-250 Santo André - SP.","-46.51162"," -23.68687"
35448023,"ESCOLA DE EDUCACAO INFANTIL CARINHA DE ANJO","extinta_2021","3_privada_nao_conveniada","privada",22,"GASPAR DE LEMOS, 22 RUA. JARDIM VILA RICA. 09170-040 Santo André - SP.","-46.50542"," -23.7091"
35449313,"JOAO E MARIA NUCLEO RECREATIVO INFANTIL","extinta_2021","3_privada_nao_conveniada","privada",10,"GUANABARA, 11 RUA. CIDADE SAO JORGE. 09111-630 Santo André - SP.","-46.48603"," -23.67221"
35449337,"CANTINHO DE FADAS ESCOLA DE EDUCACAO INFANTIL","paralisada_2021","3_privada_nao_conveniada","privada",27,"ARAUCARIA, 986 AVENIDA. PARQUE ORATORIO. 09251-040 Santo André - SP.","-46.50807"," -23.63098"
35480472,"SCARPELLI ESCOLA DE EDUCACAO INFANTIL","paralisada_2021","3_privada_nao_conveniada","privada",1,"ADELAIDE SANTA, 69 RUA. VILA SCARPELLI. 09050-450 Santo André - SP.","-46.54597"," -23.6767"
35508986,"AGNUS CENTRO EDUCACIONAL","extinta_2021","3_privada_nao_conveniada","privada",21,"COCAIS, 1546 RUA. JARDIM GUARARA. 09170-510 Santo André - SP.","-46.513701"," -23.7079397"
35568764,"PEQUENA SEREIA NUCLEO DE ENSINO","extinta_2021","3_privada_nao_conveniada","privada",24,"RUA REGENTE FEIJO, 40 RUA. VILA ASSUNCAO. 09030-000 Santo André - SP.","NaN"," NaN"
35581847,"ESPACO INICIAL","extinta_2021","3_privada_nao_conveniada","privada",18,"DUNQUERQUE, 335 RUA. PARQUE NOVO ORATORIO. 09260-220 Santo André - SP.","-46.49936"," -23.629487"
35581860,"KIDS HOME","extinta_2021","3_privada_nao_conveniada","privada",33,"PEREQUE, 116 RUA. VILA CURUCA. 09290-620 Santo André - SP.","NaN"," NaN"
35581914,"AMORA BABY KIDS BERCARIO E EDUCACAO INFANTIL","paralisada_2021","3_privada_nao_conveniada","privada",39,"MIQUELINA, 356 RUA. VILA CAMILOPOLIS. 09230-280 Santo André - SP.","NaN"," NaN"
35804174,"SABER CRESCER E COMPANHIA","paralisada_2021","3_privada_nao_conveniada","privada",18,"RUA ALCIDES DE QUEIROS, 358 RUA. CASA BRANSA. 09015-550 Santo André - SP.","-46.51883"," -23.66074"
35804496,"ESCOLA DE EDUCACAO INFANTIL A FAZENDINHA","paralisada_2021","3_privada_nao_conveniada","privada",12,"ANDRADAS, 234 AVENIDA. VILA SANTA TERESA. 09030-350 Santo André - SP.","-46.52928"," -23.66768"
35812171,"BARAO D BG NUCLEO DE EDUCACAO INFANTIL","paralisada_2021","3_privada_nao_conveniada","privada",19,"RUA IRA, 96 RUA. VILA CAMILOPOLIS. 09240-100 Santo André - SP.","-46.5248"," -23.62372"
35004822,"ATHOS METODO DE ENSINO INTEGRADO","paralisada_2021","3_privada_nao_conveniada","privada",1,"LUZITANIA, 337 VILA LUSITANIA. 09725-150 São Bernardo do Campo - SP.","-46.556516"," -23.7107549"
35005900,"ESCOLA DE EDUCACAO INFANTIL CANTINHO DA TIA ZENI - EIRELI - EPP","paralisada_2021","3_privada_nao_conveniada","privada",18,"SENADOR RICARDO BATISTA, 631 ASSUNCAO. 09812-510 São Bernardo do Campo - SP.","NaN"," NaN"
35006301,"ESCOLA DE EDUCACAO INFANTIL DOM QUIXOTE","paralisada_2021","3_privada_nao_conveniada","privada",7,"DOS ALAMOS, 33 DOS CASA. 09840-240 São Bernardo do Campo - SP.","NaN"," NaN"
35006309,"NUCLEO DE DESENVOLVIMENTO INFANTIL BINUI","paralisada_2021","3_privada_nao_conveniada","privada",27,"PRINCESA IZABEL, 451 NOVA PETROPOLIS. 09771-110 São Bernardo do Campo - SP.","NaN"," NaN"
35006315,"ESCOLA DE EDUCACAO INFANTIL BRINCANDO E APRENDENDO","paralisada_2021","3_privada_nao_conveniada","privada",7,"GUILHERME LORENZONI, 12 ALVES DIAS. 09851-020 São Bernardo do Campo - SP.","NaN"," NaN"
35006321,"MANSAO BEBE II","paralisada_2021","3_privada_nao_conveniada","privada",10,"VICENTE DE CARVALHO, 710 ANCHIETA. 09732-600 São Bernardo do Campo - SP.","NaN"," NaN"
35006327,"COLEGIO BATISTINI","paralisada_2021","3_privada_nao_conveniada","privada",13,"GALVAO BUENO, 4643 BATISTINI. 09842-080 São Bernardo do Campo - SP.","NaN"," NaN"
35006339,"BALAO MAGICO SISTEMA DE ENSINO","paralisada_2021","3_privada_nao_conveniada","privada",54,"GAETANO ANGELI, 9 SANTA TEREZINHA. 09781-350 São Bernardo do Campo - SP.","NaN"," NaN"
35006356,"ESCOLA DE RECREACAO INFANTIL MARANATHA","paralisada_2021","3_privada_nao_conveniada","privada",36,"ASSUMPTA SABATINI ROSSI, 133 BATISTINI. 09842-000 São Bernardo do Campo - SP.","NaN"," NaN"
35292163,"MEIMEI INSTITUICAO ASSISTENCIAL","paralisada_2021","2_privada_conveniada","pública ou conveniada",62,"FRANCISCO ALVES, 275 RUA. PAULICEIA. 09692-000 São Bernardo do Campo - SP.","-46.5835018"," -23.670548"
35292278,"ALFA MAIOR CENTRO PEDAGOGICO","paralisada_2021","3_privada_nao_conveniada","privada",42,"AMERICO BRASILIENSE, 656 RUA. CENTRO. 09715-021 São Bernardo do Campo - SP.","-46.5463910624385"," -23.7126748496667"
35481257,"CENTRO EDUCACIONAL COGNITIVO","paralisada_2021","3_privada_nao_conveniada","privada",8,"AMAPA, 59 RUA. RUDGE RAMOS. 09634-050 São Bernardo do Campo - SP.","-46.569110462442"," -23.6528661148623"
35481269,"RECANTO INFANTIL PEDRITA","paralisada_2021","3_privada_nao_conveniada","privada",42,"ARMANDO PINELLI, 53 RUA. TABOAO. 09671-020 São Bernardo do Campo - SP.","-46.6087324"," -23.6649999"
35481518,"EDUCATI EDUCACAO INFANTIL","paralisada_2021","3_privada_nao_conveniada","privada",64,"IZABEL PRINCESA, 137 ALAMEDA. NOVA PETROPOLIS. 09771-110 São Bernardo do Campo - SP.","-46.5483587142514"," -23.7033433607069"
35495827,"EDUCANDARIO ALFA E OMEGA ESCOLA DE EDUCACAO INFANTIL","paralisada_2021","3_privada_nao_conveniada","privada",20,"JOAQUIM SERRA, 217 RUA. INDEPENDENCIA. 09860-030 São Bernardo do Campo - SP.","-46.57903352"," -23.69770154"
35499122,"CENTRO EDUCACIONAL FRUTO DA TERRA","paralisada_2021","3_privada_nao_conveniada","privada",20,"RUA SECONDO MODOLIN, 163 CENTRO. 09725-240 São Bernardo do Campo - SP.","-46.55745174"," -23.71294085"
35568703,"PASSINHOS DO SABER RECANTO INFANTIL","paralisada_2021","3_privada_nao_conveniada","privada",18,"MARTINS, 258 RUA. PAULICEIA. 09686-000 São Bernardo do Campo - SP.","-46.5915338"," -23.6655165"
35569392,"RAIOS DO SOL ESCOLA INFANTIL","paralisada_2021","3_privada_nao_conveniada","privada",4,"MARCILIO CONRADO, 215 RUA. RIO GRANDE. 09830-291 São Bernardo do Campo - SP.","-46.53067292"," -23.7812856"
35569628,"ASAS DO SABER ESCOLA DE EDUCACAO INFANTIL","paralisada_2021","3_privada_nao_conveniada","privada",17,"SILVA BUENO, 156 RUA. JORDANOPOLIS. 09891-470 São Bernardo do Campo - SP.","-46.5687394"," -23.6845819"
35585506,"EQUILIBRIUM NUCLEO DE EDUCACAO INFANTIL BILINGUE","paralisada_2021","3_privada_nao_conveniada","privada",79,"ARTHUR BERNARDES PRESIDENTE, 457 AVENIDA. RUDGE RAMOS. 09618-000 São Bernardo do Campo - SP.","-46.5635568624739"," -23.6672926771987"
35586146,"NUCLEO DE EDUCACAO INTEGRADA ARGOS","paralisada_2021","3_privada_nao_conveniada","privada",26,"RUA GENERAL OSORIO, 205 RUA. CENTRO. 09715-380 São Bernardo do Campo - SP.","NaN"," NaN"
35051275,"JOSE CORONA EMEI","paralisada_2021","1_publica","pública ou conveniada",33,"RUA MOGI GUACU, 80 RUA. OLIMPICO. 09570-570 São Caetano do Sul - SP.","-46.5603587497026"," -23.6261197552085"
35051317,"LUIZ JOSE GIORGETTI EMEI","paralisada_2021","1_publica","pública ou conveniada",17,"IVAI, 63 RUA. SANTA MARIA. 09560-570 São Caetano do Sul - SP.","-46.55679063"," -23.63364925"
35169341,"NOSSA SENHORA APARECIDA PAROQUIA","extinta_2021","2_privada_conveniada","pública ou conveniada",36,"RUA FLORIDA, 975 RUA. BARCELONA. 09551-000 São Caetano do Sul - SP.","-46.55079621"," -23.62444115"
35304797,"WILLIAN CESAR DE FIGUEIREDO BELO COLEGIO","extinta_2021","3_privada_nao_conveniada","privada",23,"RUA HONORIO AUGUSTO DE CAMARGO, 09 AVENIDA. CENTRO. 06890-000 São Lourenço da Serra - SP.","-46.9519053"," -23.8541832"
35004306,"COLEGIO SALES","extinta_2021","3_privada_nao_conveniada","privada",52,"JULIO BUONO, 1008 VILA GUSTAVO. 02201-000 São Paulo - SP.","NaN"," NaN"
35004501,"ESCOLA DE EDUCACAO INFANTIL SABIDINHO","paralisada_2021","3_privada_nao_conveniada","privada",9,"PROFESSOR DANTAS JUNIOR, 82 JARDIM PEDREIRA. 04468-040 São Paulo - SP.","NaN"," NaN"
35004502,"ESCOLA CIRANDA","paralisada_2021","3_privada_nao_conveniada","privada",10,"AVENIDA NOSSA SENHORA DA ENCARNACAO, 262 JARDIM MARIA ESTELA. 04180-081 São Paulo - SP.","NaN"," NaN"
35004512,"ESCOLA BALUARTE","paralisada_2021","3_privada_nao_conveniada","privada",20,"RUA WALTRUDES CORREA, 183 PARQUE SAO DOMINGOS. 05122-070 São Paulo - SP.","NaN"," NaN"
35004520,"GRUPO MARQUES ESCOLA","extinta_2021","3_privada_nao_conveniada","privada",14,"RUA GENERAL BRASILIO TABORDA, 369 JD. BONFIGLIOLI. 05591-100 São Paulo - SP.","NaN"," NaN"
35004705,"ESCOLA SANTIAGO DE COMPOSTELA","extinta_2021","3_privada_nao_conveniada","privada",70,"RUA MARCELINO CHAMPAGNAT, 228 JARDIM DA GLORIA. 04114-000 São Paulo - SP.","NaN"," NaN"
35004740,"EXPRESSINHO MAGICO EDUCACAO INFANTIL","paralisada_2021","3_privada_nao_conveniada","privada",11,"RUA ASTOLFO MARQUES, 211 JARDIM SANTA TEREZINHA. 03572-260 São Paulo - SP.","NaN"," NaN"
35004971,"NUCLEO RECREATIVO ARTE DO ENSINO","extinta_2021","3_privada_nao_conveniada","privada",58,"RUA REFINARIA MATARIPE, 448 VILAANTONIETA. 03477-010 São Paulo - SP.","-46.51283201"," -23.57007885"
35004974,"ESC PART CLUBE DA LULUZINHA E E I","paralisada_2021","3_privada_nao_conveniada","privada",22,"RUA SEBASTIAO FERNANDES PALMA, 14 VILA ITABERABA. 02846-260 São Paulo - SP.","NaN"," NaN"
35005047,"ESCOLA DE EDUCACAO INFANTIL E BOM SONHAR - UNIDADE III","paralisada_2021","3_privada_nao_conveniada","privada",47,"RUA JULIA LOPES DE ALMEIDA, 164 VILA PAULICEIA. 02301-000 São Paulo - SP.","NaN"," NaN"
35005182,"CANGOO BILINGUAL SCHOOL","paralisada_2021","3_privada_nao_conveniada","privada",38,"RUA CALOGERO CALIA, 512 VILA SANTO ESTEFANO. 04152-101 São Paulo - SP.","NaN"," NaN"
35005240,"ESCOLA DE EDUCACAO INFANTIL ESPACO CRIATIVO BABY","paralisada_2021","3_privada_nao_conveniada","privada",12,"RUA FRANCISCO ALARICO BERGAMO, 122 VILA TAQUARI. 08230-010 São Paulo - SP.","-46.4531643502847"," -23.5292326240088"
35005367,"BERCARIO SKEKINAH UNIDADE COLINHO","paralisada_2021","3_privada_nao_conveniada","privada",22,"BOM PASTOR, 1273 IPIRANGA. 04203-051 São Paulo - SP.","-46.6071552217586"," -23.5876656114247"
35005392,"ESCOLA JARDIM DA ALEGRIA","paralisada_2021","3_privada_nao_conveniada","privada",13,"RUA PANGAUA, 381 CASA. VILA RE. 03665-010 São Paulo - SP.","NaN"," NaN"
35005417,"ESPACO DO BEBE - JARDIM ENCANTADO","paralisada_2021","3_privada_nao_conveniada","privada",50,"AV NOSSA SENHORA DA CONCORDIA, 176 PARQUE CASA DE PEDRA. 02351-050 São Paulo - SP.","NaN"," NaN"
35005445,"CR P CONV JOSE AVELINO","extinta_2021","2_privada_conveniada","pública ou conveniada",67,"DEOCLECIANO DE OLIVEIRA FILHO, 1137 PARQUE SANTO ANTONIO. 05834-000 São Paulo - SP.","NaN"," NaN"
35005517,"JUNIORS RI","paralisada_2021","3_privada_nao_conveniada","privada",15,"RUA SATURNINO DE ALMEIDA NETO, 23 VILA CAMPO GRANDE. 04455-300 São Paulo - SP.","NaN"," NaN"
35005546,"CALIANDRA ME","paralisada_2021","3_privada_nao_conveniada","privada",42,"RUA GENERAL LECOR, 276 IPIRANGA. 04213-020 São Paulo - SP.","NaN"," NaN"
35005564,"ESC PART NOEMI BERGER PROFA E I A","extinta_2021","3_privada_nao_conveniada","privada",83,"RUA DOUTOR SERGIO JABUR MALUF, 162 PARQUE MARIA HELENA. 05854-100 São Paulo - SP.","NaN"," NaN"
35005573,"O MUNDO DE LUIZA EEI","paralisada_2021","3_privada_nao_conveniada","privada",13,"RUA PADRE MELITON VIGUEIRA PENILLOS, 69 VILA LEOPOLDINA. 05305-070 São Paulo - SP.","NaN"," NaN"
35005673,"ESC PART BUSCANDO HORIZONTES II","paralisada_2021","3_privada_nao_conveniada","privada",7,"RUA PLACIDO NUNES VIEIRA, 45 JARDIM CONSORCIO. 04436-040 São Paulo - SP.","NaN"," NaN"
35005755,"SEMENTINHA CENTRO DE RECREACAO","paralisada_2021","3_privada_nao_conveniada","privada",29,"AVENIDA BENTO GUELFI, 2702 JARDIM IGUATEMI. 08381-001 São Paulo - SP.","NaN"," NaN"
35005920,"COLEGIO GAMALLIEL","extinta_2021","3_privada_nao_conveniada","privada",44,"SIQUEIRA BUENO, 57 BELENZINHO. 03059-010 São Paulo - SP.","NaN"," NaN"
35005951,"MALABARES - NUCLEO DE EDUCACAO INFANTIL","paralisada_2021","3_privada_nao_conveniada","privada",12,"RUA JANGURUCU, 193 PARQUE DA MOOCA. 03125-020 São Paulo - SP.","NaN"," NaN"
35006037,"ESC PART ESPACO ALPHA B E I","paralisada_2021","3_privada_nao_conveniada","privada",17,"RUA DOUTOR HEITOR NASCIMENTO, 298 NOSSA SENHORA DO O. 02927-130 São Paulo - SP.","NaN"," NaN"
35006113,"ESC PART PANDA E E I","paralisada_2021","3_privada_nao_conveniada","privada",16,"AVENIDA PIETRO NARDINI, 106 PARQUE BRASIL. 04843-230 São Paulo - SP.","-46.6963153499413"," -23.7401910689334"
35006274,"ESC PART OH HAPPY DAY KIDS","paralisada_2021","3_privada_nao_conveniada","privada",16,"PRACA NOVA AMERICA, 152 VILA GUARANI Z SUL. 04316-090 São Paulo - SP.","NaN"," NaN"
35006929,"ESC PART -ESPACO JACARANDA II U E","extinta_2021","3_privada_nao_conveniada","privada",47,NA,"NA"," NA"
35066467,"NAIR TADIELO GRACIOSO","extinta_2021","2_privada_conveniada","pública ou conveniada",1,NA,"NA"," NA"
35100328,"WELLINGTON CENTRO DE ENSINO INTEGRADO","paralisada_2021","3_privada_nao_conveniada","privada",29,"PETRONIO PORTELA MINISTRO, 11 AVENIDA. MOINHO VELHO. 02959-000 São Paulo - SP.","-46.7054247"," -23.4974269"
35100959,"MIOSOTIS E E I","extinta_2021","3_privada_nao_conveniada","privada",27,"RUA CONCHILIA, 345 VILA ALBERTINA. 02373-010 São Paulo - SP.","-46.61731"," -23.45514"
35101459,"MONTESSORI-LUBIENSKA EIEF","paralisada_2021","3_privada_nao_conveniada","privada",30,"VALENCA MARQUES, 442 RUA. ALTO DA MOOCA. 03182-040 São Paulo - SP.","-46.591857"," -23.5589615"
35102027,"COLEGIO SANTORINI","paralisada_2021","3_privada_nao_conveniada","privada",7,"OLIVETANOS PADRES, 90 AVENIDA. VILA ESPERANCA. 03648-000 São Paulo - SP.","-46.5256839"," -23.5234635"
35104668,"ALFA ESCOLA","paralisada_2021","3_privada_nao_conveniada","privada",81,"RUA DOS MACUNIS, 333 VILA MADALENA. 05444-000 São Paulo - SP.","-46.69772"," -23.55755"
35104784,"ALDEIA EXTERNATO","paralisada_2021","3_privada_nao_conveniada","privada",29,"RUA AURIFLAMA, 57 PINHEIROS. 05422-080 São Paulo - SP.","-46.68354"," -23.56647"
35106513,"IRMA CATARINA ESCOLA UNIDADE I","paralisada_2021","3_privada_nao_conveniada","privada",47,"ESPIRITO SANTO, 50 RUA. ACLIMACAO. 01526-020 São Paulo - SP.","-46.6318228"," -23.5691547"
35106550,"JARDIM DA GLORIA EXTERNATO","paralisada_2021","3_privada_nao_conveniada","privada",8,"AUGUSTO DE TOLEDO, 83 CAMBUCI. 01542-020 São Paulo - SP.","-46.6258551"," -23.5705153"
35106823,"TRES DE MAIO COLEGIO UNIDADE I","paralisada_2021","3_privada_nao_conveniada","privada",5,"SALVADOR SIMOES, 722 RUA. VILA DOM PEDRO I. 04276-000 São Paulo - SP.","-46.61368"," -23.60037"
35126536,"RICARO COLEGIO UNIDADE I","paralisada_2021","3_privada_nao_conveniada","privada",32,"PETRONIO PORTELA MINISTRO, 17 AVENIDA. MOINHO VELHO. 02959-000 São Paulo - SP.","-46.7051743"," -23.4973249"
35129525,"ELISABETE AP DE OLIVEIRA ME-REC URSINHO ESCOLA","paralisada_2021","3_privada_nao_conveniada","privada",8,"ESTRADA LAZARO AMANCIO DE BARROS, 707 VILA ITABERABA. 02846-010 São Paulo - SP.","-46.69513"," -23.46354"
35129574,"TERRITORIO DA INFANCIA NRI","paralisada_2021","3_privada_nao_conveniada","privada",26,"RUA BAQUIA, 155 VILA NOVA MANCHESTER. 03443-000 São Paulo - SP.","-46.53872"," -23.54649"
35129859,"AZENATH FERREIRA PROF COLEGIO EVANGELICO","extinta_2021","3_privada_nao_conveniada","privada",9,"RUA CRUZ DE MALTA, 553 RUA. VILA GUSTAVO. 02248-000 São Paulo - SP.","-46.5995761"," -23.48687"
35136669,"COLEGIO MIRANDOPOLIS","extinta_2021","3_privada_nao_conveniada","privada",13,"GUAPIACU, 151 RUA. VILA CLEMENTINO. 04024-020 São Paulo - SP.","-46.6462"," -23.60534"
35137509,"ESCOLA HARMONIA","paralisada_2021","3_privada_nao_conveniada","privada",42,"ALAMEDA CASA BRANCA, 583 JARDIM PAULISTA. 01408-001 São Paulo - SP.","-46.65949"," -23.56554"
35138198,"HORTO FLORESTAL EXTERNATO EEIFM","paralisada_2021","3_privada_nao_conveniada","privada",32,"AVENIDA SANTA INES, 1441 AVENIDA. MANDAQUI. 02415-002 São Paulo - SP.","NaN"," NaN"
35139671,"ESC PART PARAISO DOS PERALTAS E E I","paralisada_2021","3_privada_nao_conveniada","privada",24,"AVENIDA DAS CEREJEIRAS, 916 JARDIM JAPAO. 02124-000 São Paulo - SP.","-46.57905"," -23.50758"
35140247,"GIRASSOL JARDIM ESCOLA","paralisada_2021","3_privada_nao_conveniada","privada",24,"RUA TIRANA, 34 VILA FORMOSA. 03359-110 São Paulo - SP.","-46.54651"," -23.56563"
35140521,"CANTINHO VERDE ESCOLA EDUCACAO INFANTIL","paralisada_2021","3_privada_nao_conveniada","privada",59,"PRACA SIMOES DA CUNHA, 45 JARDIM VILA FORMOSA. 03470-070 São Paulo - SP.","-46.5249"," -23.57167"
35150733,"SANTA MARIA DE NAZARE COLEGIO UNIDADE I","extinta_2021","3_privada_nao_conveniada","privada",93,"RUA UACUMA, 50 UNIDADE I. JARDIM SANTA MARIA. 03575-000 São Paulo - SP.","-46.5096175"," -23.5577165"
35151804,"COLEGIO SAO BENTO DE NURSIA DE EI E EF","paralisada_2021","3_privada_nao_conveniada","privada",5,"RUA JOSE PINTO DE ALMEIDA, 46 RUA. VILA CARAGUATA. 04191-160 São Paulo - SP.","-46.6055675"," -23.6478222"
35155706,"AUBRICK ESCOLA BILINGUE MULTICULTURAL UNIDADE II","extinta_2021","3_privada_nao_conveniada","privada",21,"CHANES, 142 RUA. INDIANOPOLIS. 04087-030 São Paulo - SP.","-46.6770223"," -23.6154418"
35156747,"STIGLIANI CENTRO EDUCATIVO E CULTURAL","extinta_2021","3_privada_nao_conveniada","privada",30,"RUA ADA NEGRI, 389 RUA. SANTO AMARO. 04755-000 São Paulo - SP.","-46.7133957"," -23.6488848"
35156899,"ESC PART RISQUE E RABISQUE ESCOLA","paralisada_2021","3_privada_nao_conveniada","privada",18,"RUA CHAMANTA, 698 VILA PRUDENTE. 03127-000 São Paulo - SP.","-46.58537"," -23.57683"
35156905,"MARISA DONDA PROFESSORA ESCOLA DE PG","paralisada_2021","3_privada_nao_conveniada","privada",19,"RUA SALVADOR TOLEZANO, 699 RUA. ALTO DO MANDAQUI. 02422-160 São Paulo - SP.","-46.6397041"," -23.4667696"
35157685,"COLEGIO CENA","extinta_2021","3_privada_nao_conveniada","privada",1,"AMAMBAI, 1609 RUA. VILA MARIA. 02115-002 São Paulo - SP.","-46.5828797"," -23.5148492"
35158324,"ESC PART INTERMUNDI E E I","paralisada_2021","3_privada_nao_conveniada","privada",32,"PRACA DO CENTENARIO, 136 CASA VERDE. 02515-040 São Paulo - SP.","-46.65642"," -23.50951"
35158537,"ROSA MARIA COLEGIO EVOLUCAO","paralisada_2021","3_privada_nao_conveniada","privada",6,"RUA ACOR, 99 RUA. SAO JOSE. 04837-090 São Paulo - SP.","-46.7025336"," -23.7423108"
35163508,"NUCLEO DE RECREACAO INFANTIL URSINHO AZUL LTDA","paralisada_2021","3_privada_nao_conveniada","privada",7,"RUA DOUTOR JOAO TONIOLO, 912 JARDIM SAO JOSE ZONA NORTE. 02969-000 São Paulo - SP.","-46.71311"," -23.48078"
35164598,"ESCOLA QUINTAL E E I","paralisada_2021","3_privada_nao_conveniada","privada",69,"RUA JOAQUIM CANDIDO DE AZEVEDO MARQUES, 1234 VILA MORUMBI. 05688-021 São Paulo - SP.","-46.71"," -23.61107"
35170872,"PIPOQUINHA BERC E ESCOLA","paralisada_2021","3_privada_nao_conveniada","privada",17,"ALAMEDA SARUTAIA, 61 JARDIM PAULISTA. 01403-010 São Paulo - SP.","-46.65279"," -23.57074"
35171136,"SANJEAN E E I","paralisada_2021","3_privada_nao_conveniada","privada",3,"AVENIDA MAESTRO VILLA LOBOS, 245 VILA GUSTAVO. 02266-000 São Paulo - SP.","-46.59978"," -23.47861"
35171268,"ESTIMOARTE JARDIM ESCOLA","paralisada_2021","3_privada_nao_conveniada","privada",61,"AVENIDA JULIO BUONO, 481 VILA GUSTAVO. 02201-000 São Paulo - SP.","-46.5974"," -23.49361"
35175912,"COLEGIO LUDI MATER","extinta_2021","3_privada_nao_conveniada","privada",1,"RENATO PAQUET MARECHAL, 618 RUA. CIDADE SAO MATEUS. 03959-010 São Paulo - SP.","-46.482951"," -23.5976836"
35177180,"FONTE DO AMANHA COLEGIO","extinta_2021","3_privada_nao_conveniada","privada",73,"RUA CARLOS GILBERTO CIAMPAGLIA, 286 RUA. VILA CURUCA. 08032-020 São Paulo - SP.","-46.4309805"," -23.5086388"
35177246,"ESC PART ESTRIPO - LIPO N R I","paralisada_2021","3_privada_nao_conveniada","privada",20,"RUA DO MANIFESTO, 1978 IPIRANGA. 04209-002 São Paulo - SP.","-46.59962"," -23.59023"
35177374,"CHUVA DE ESTRELINHAS ESC DE RECR INF","paralisada_2021","3_privada_nao_conveniada","privada",28,"RUA SAO DOMINGOS, 54 BELA VISTA. 01326-000 São Paulo - SP.","-46.64293"," -23.55258"
35177520,"GRAMPINHA E E I","paralisada_2021","3_privada_nao_conveniada","privada",17,"RUA DOS JACARANDAS MIMOSOS, 216 VILA NOVA MAZZEI. 02312-090 São Paulo - SP.","-46.60160768"," -23.46460429"
35177581,"ESC PART MINI POLEGAR E E I","paralisada_2021","3_privada_nao_conveniada","privada",18,"RUA SARGENTO ANTENOR TEIXEIRA, 77 77A. JABAQUARA. 04345-010 São Paulo - SP.","-46.64314"," -23.63856"
35177647,"ESC PART URUPES E E I","paralisada_2021","3_privada_nao_conveniada","privada",12,"AVENIDA JACINTO JULIO, 184/449 JARDIM SATELITE. 04815-160 São Paulo - SP.","-46.6940878966984"," -23.7059133115303"
35178056,"ESC PART ADRIANA SODRE PROFESSORA","paralisada_2021","3_privada_nao_conveniada","privada",72,"AVENIDA JOAO SIMAO DE CASTRO, 685 VILA SABRINA. 02141-000 São Paulo - SP.","-46.5731983"," -23.4939883"
35178469,"ANCHIETA PE E E I","paralisada_2021","3_privada_nao_conveniada","privada",28,"RUA MIGUEL JURNO, 81 73. JARDIM CELESTE. 05527-050 São Paulo - SP.","-46.75377"," -23.59805"
35178482,"OCEANO E E I","paralisada_2021","3_privada_nao_conveniada","privada",9,"RUA OTAVIO PEDREIRO ROSA, 199 JARDIM ESTER. 05372-000 São Paulo - SP.","-46.76095"," -23.58352"
35178494,"PIPOCA E SAPECA DE SAO DOMINGOS","paralisada_2021","3_privada_nao_conveniada","privada",21,"RUA DOUTOR CARMINO CAPRICCHIO, 69 VILA TIRADENTES. 05368-000 São Paulo - SP.","-46.75126"," -23.577"
35178548,"SUN PORT - PORTO DO SOL COLEGIO","extinta_2021","3_privada_nao_conveniada","privada",3,"COMENDADOR ELIAS ASSI, 365 RUA. CAXINGUI. 05516-000 São Paulo - SP.","-46.7181212"," -23.5823207"
35180877,"CEI DOM JOSE GASPAR","extinta_2021","2_privada_conveniada","pública ou conveniada",113,"AUREA BATISTA DOS SANTOS, 703 VILA MORSE. 05623-000 São Paulo - SP.","-46.7258"," -23.6004"
35187197,"LUCKESI COLEGIO","paralisada_2021","3_privada_nao_conveniada","privada",22,"RUA ANTONIO D AMIN, 237 RUA. ITAIM PAULISTA. 08122-190 São Paulo - SP.","-46.3788927"," -23.493155"
35191711,"LIBERDADE COLEGIO UNIDADE II","paralisada_2021","3_privada_nao_conveniada","privada",70,"RUA INHABATA, 65 RUA. SAO MIGUEL PAULISTA. 08010-420 São Paulo - SP.","-46.4347511"," -23.494625"
35192636,"PERSON COLEGIO","extinta_2021","3_privada_nao_conveniada","privada",17,"MATEUS LOURENCO DE CARVALHO, 77/87 RUA. VILA BUENOS AIRES. 03736-200 São Paulo - SP.","-46.5145706"," -23.5116558"
35194918,"CR P CONV CANTINHO DO PROGRESSO C E I","extinta_2021","2_privada_conveniada","pública ou conveniada",115,"AVOANTE, 83 JARDIM DAMASCENO. 02879-010 São Paulo - SP.","-46.6989"," -23.4516"
35194943,"PUZZLE EDUCACAO INFANTIL BILINGUE","paralisada_2021","3_privada_nao_conveniada","privada",7,"RUA DOUTOR JESUINO MACIEL, 919 CAMPO BELO. 04615-002 São Paulo - SP.","-46.67166"," -23.61936"
35198948,"QUINTAL MAGICO ESCOLA","extinta_2021","3_privada_nao_conveniada","privada",13,"RUA IRMA PIA, 127 RUA. JAGUARE. 05335-050 São Paulo - SP.","-46.75087"," -23.54858"
35199254,"ESC PART BRILHO DO SOL","paralisada_2021","3_privada_nao_conveniada","privada",40,"RUA REVERENDO ALCIDES FRANCO, 91 JARDIM ITAPEMIRIM. 08220-700 São Paulo - SP.","-46.45740673"," -23.53573903"
35199308,"OS PEQUENINOS NRI","paralisada_2021","3_privada_nao_conveniada","privada",31,"RUA BOTUPORA, 243 ITAQUERA. 08215-470 São Paulo - SP.","NaN"," NaN"
35199312,"NUCLEO DE EDUCACAO INFANTIL LAPIS MAGICO","paralisada_2021","3_privada_nao_conveniada","privada",18,"RUA ITALINA, 340 ITAQUERA. 08210-790 São Paulo - SP.","-46.4505416666667"," -23.5413516666667"
35199321,"ALPHA LESTE EEI","paralisada_2021","3_privada_nao_conveniada","privada",30,"RUA MARIANO MORO, 620 636. VILA REGINA ZONA LESTE. 08225-060 São Paulo - SP.","-46.45616"," -23.5331"
35199761,"ESCOLA DE EDUCACAO INFANTIL CACA TALENTO","paralisada_2021","3_privada_nao_conveniada","privada",18,"RUA ITINGUCU, 2233 VILA RE. 03658-011 São Paulo - SP.","-46.49516"," -23.53102"
35207731,"EMEI DO LAR SIRIO","paralisada_2021","1_publica","pública ou conveniada",89,"SERRA DE BRAGANCA, 990 VILA GOMES CARDIM. 03318-000 São Paulo - SP.","-46.5657"," -23.5446"
35264672,"EEI MONTHEGAN","paralisada_2021","3_privada_nao_conveniada","privada",23,"RUA PIQUINHU, 16 VILA RE. 03657-010 São Paulo - SP.","-46.50754"," -23.52457"
35266504,"ESCOLA DE EDUCACAO INFANTIL CHAVE DO TAMANHO BABY","paralisada_2021","3_privada_nao_conveniada","privada",15,"RUA CARLOTA LUISA DE JESUS, 157 PARQUE SAO JORGE. 03086-060 São Paulo - SP.","-46.56678"," -23.53029"
35285584,"CR P CONV ANGLICANA LINA RODRIGUES","paralisada_2021","2_privada_conveniada","pública ou conveniada",121,"NICIA COUTINHO PATRICIO, 128 VILA PENTEADO. 02866-000 São Paulo - SP.","-46.6828"," -23.4652"
35287040,"IDEAL FUTURO COLEGIO","paralisada_2021","3_privada_nao_conveniada","privada",9,"ODUVALDO VIANA, 735 RUA. JARDIM RINCAO. 02991-140 São Paulo - SP.","-46.7280371"," -23.4337583"
35293027,"OLIVIA PALITO BERCARIO UNIDADE II","paralisada_2021","3_privada_nao_conveniada","privada",32,"RUA PADRE ESTEVAO PERNET, 841 VILA GOMES CARDIM. 03315-000 São Paulo - SP.","-46.56678"," -23.54181"
35293124,"PRE ESCOLA DE EDUCACAO INFANTIL TRENZINHO AZUL","paralisada_2021","3_privada_nao_conveniada","privada",33,"RUA SAO ROBERTO, 262 VILA MARIETA. 03617-010 São Paulo - SP.","-46.5247401"," -23.5184209"
35293660,"ESC PART TIA ZENI C E R","extinta_2021","3_privada_nao_conveniada","privada",6,"RUA FELICIANO DE MENDONCA, 75 JARDIM SAO PAULOZONA LESTE. 08460-365 São Paulo - SP.","-46.40117292"," -23.55417818"
35293891,"ESCOLA ECEL EDUCACAO E LAZER LTDA","extinta_2021","3_privada_nao_conveniada","privada",4,"AVENIDA CUPECE, 1949 JARDIM PRUDENCIA. 04365-000 São Paulo - SP.","-46.66441"," -23.66035"
35294184,"ESCOLA DE EDUCACAO INFANTIL TIA PATY","paralisada_2021","3_privada_nao_conveniada","privada",21,"RUA JOSE ANTONIOLI, 235 JARDIM MARISTELA. 02806-090 São Paulo - SP.","-46.69889"," -23.47211"
35294202,"ESCOLA LI LU DI","paralisada_2021","3_privada_nao_conveniada","privada",33,"RUA SITIANTES, 261 ITABERABA. 02737-000 São Paulo - SP.","-46.69085"," -23.49034"
35294895,"FADELITO CENTRO DE CONVICENCIA INF SC LTDA UN I","paralisada_2021","3_privada_nao_conveniada","privada",128,"RUA CENOBELINO SERRA, 71 JARDIM TRUSSARDI. 05518-010 São Paulo - SP.","-46.72815"," -23.58801"
35297574,"CR P CONV JARDIM FLOR DE LIS V","extinta_2021","2_privada_conveniada","pública ou conveniada",70,"TENENTE MIGUEL DELIA, 44 VILA ROSARIA. 08021-090 São Paulo - SP.","-46.4398"," -23.4992"
35321059,"RENASCENDO COLEGIO","paralisada_2021","3_privada_nao_conveniada","privada",53,"BERTIOGA, 116 RUA. CHACARA INGLESA. 04141-100 São Paulo - SP.","-46.6357701"," -23.6103607"
35323901,"TURMA DO CHICO BENTO ESCOLA DE EDUCACAO INFANTIL","paralisada_2021","3_privada_nao_conveniada","privada",24,"AVENIDA PARADA PINTO, 1150 VILA NOVA CACHOEIRINHA. 02611-003 São Paulo - SP.","-46.6592"," -23.46923"
35335794,"JOAQUIM SOUZA COLEGIO EDUCACIONAL","paralisada_2021","3_privada_nao_conveniada","privada",17,"EDUARDO SANDOZ, 55 RUA. VILA FIDALGO. 02321-050 São Paulo - SP.","-46.5893837"," -23.4446381"
35344230,"INTERARTE COLEGIO UNIDADE II","paralisada_2021","3_privada_nao_conveniada","privada",13,"JOSE BENEDITO SALINAS, 93 RUA. JARDIM ITAPEVA. 04674-200 São Paulo - SP.","-46.6886732"," -23.6641622"
35346724,"AQUARELA ENCANTADA BERCARIO E ESCOLA DE EDUCACAO INFANTIL LTDA","paralisada_2021","3_privada_nao_conveniada","privada",212,"AVENIDA PROFESSOR ALFONSO BOVERO, 218 SUMARE. 01254-000 São Paulo - SP.","-46.6815"," -23.54369"
35371488,"AFIRMACAO COLEGIO","extinta_2021","3_privada_nao_conveniada","privada",15,"HENRIQUE JACOBS, 363 RUA. VILA SANTA TERESA ZONA LESTE. 03566-010 São Paulo - SP.","-46.4917733"," -23.538902"
35383946,"ESTRELA BABY ESCOLA DE EDUCACAO INFANTIL","paralisada_2021","3_privada_nao_conveniada","privada",18,"RUA ARNALDO JOAO, 83 VILA RE. 03660-000 São Paulo - SP.","-46.50855"," -23.51982"
35421561,"ESC PART PITUCHINHOS","paralisada_2021","3_privada_nao_conveniada","privada",23,"RUA GENTIL BRAGA, 549 VILA BUENOS AIRES. 03737-020 São Paulo - SP.","-46.5121"," -23.50996"
35428759,"ESC PART CENTRO EDUCACIONAL A MAR","extinta_2021","3_privada_nao_conveniada","privada",118,"AVENIDA OSVALDO ARANHA, 250 SAUDE. 04292-050 São Paulo - SP.","-46.6094"," -23.61348"
35429624,"PAULO DE AVELAR COLEGIO","paralisada_2021","3_privada_nao_conveniada","privada",4,"PAULO DE AVELAR, 268 RUA. VILA DOM PEDRO II. 02243-010 São Paulo - SP.","-46.6077604"," -23.4995932"
35434735,"ESPACO DA VILA BERCARIO E RECREACAO","paralisada_2021","3_privada_nao_conveniada","privada",62,"RUA ANTONIO MARIANI, 58 INSTITUTO DE PREVIDENCIA. 05530-000 São Paulo - SP.","-46.71594"," -23.57606"
35438017,"COLEGIO COSTA PARIS","extinta_2021","3_privada_nao_conveniada","privada",9,"LUIS FONSECA MAJOR, 231 RUA. JARDIM MONTE KEMEL. 05633-020 São Paulo - SP.","-46.73927"," -23.59905"
35440681,"PEREIRA GOULART ESCOLA","extinta_2021","3_privada_nao_conveniada","privada",16,"GUAIOS, 506 ALAMEDA. PLANALTO PAULISTA. 04070-000 São Paulo - SP.","-46.64547"," -23.62816"
35443104,"ESC PART VERDINHO LIMAO N E R I","paralisada_2021","3_privada_nao_conveniada","privada",3,"RUA CORONEL LUIS GONZAGA DE AZEVEDO, 9 CHACARA SEIS DE OUTUBRO. 03509-070 São Paulo - SP.","-46.52741"," -23.5363"
35443153,"NOVA ESTRELA ESCOLA","paralisada_2021","3_privada_nao_conveniada","privada",10,"AVENIDA PEDRO BUENO, 364 JABAQUARA. 04342-010 São Paulo - SP.","-46.64747"," -23.63449"
35443463,"CORACAO DE OURO","paralisada_2021","3_privada_nao_conveniada","privada",5,"RUA JOSE GETULIO, 239 CASA. LIBERDADE. 01509-001 São Paulo - SP.","-46.63516"," -23.56764"
35443578,"TERRA MATER ESCOLA INFANTIL","paralisada_2021","3_privada_nao_conveniada","privada",16,"RUA PICO NEGRO, 107 VILA REGENTE FEIJO. 03346-100 São Paulo - SP.","-46.5718154"," -23.5626687"
35444479,"ESTELA MARIS RECANTAO ENCANTADO COLEGIO","paralisada_2021","3_privada_nao_conveniada","privada",35,"TEODURETO SOUTO, 188 RUA. CAMBUCI. 01539-000 São Paulo - SP.","-46.6202"," -23.56638"
35448163,"CR P CONV ANTONIA MAMBELLI","extinta_2021","2_privada_conveniada","pública ou conveniada",167,"CANAL DE COCAIA, 1522 A. PARQUE RESIDENCIAL COCAIA. 04849-032 São Paulo - SP.","-46.6698310151696"," -23.7434705905616"
35448459,"CENTRO PROMOCIONAL DINO BUENO","extinta_2021","3_privada_nao_conveniada","privada",187,"ALAMEDA DINO BUENO, 475 CAMPOS ELISEOS. 01217-000 São Paulo - SP.","-46.64429"," -23.53072"
35449015,"COLEGIO NOVO HERDEIRO","paralisada_2021","3_privada_nao_conveniada","privada",10,"GIOVANNI BOLTRAFFIO, 114 RUA. VILA SANTA TERESA ZONA SUL. 04190-050 São Paulo - SP.","-46.6024971"," -23.650601"
35451666,"ESC PART TIA LURDES","paralisada_2021","3_privada_nao_conveniada","privada",26,"RUA DOUTOR EDSON DE MELO, 230 VILA MARIA ALTA. 02122-080 São Paulo - SP.","-46.58264"," -23.51231"
35456597,"CR P CONV ARCA DA ALIANCA","paralisada_2021","2_privada_conveniada","pública ou conveniada",139,"DOUTOR ARTUR FAJARDO, 426 CHACARA NOSSA SENHORA APARECIDA. 02963-000 São Paulo - SP.","-46.7006"," -23.4863"
35456809,"MUNDO DO SONHO ESCOLA DE EDUCACAO INFANTIL","paralisada_2021","3_privada_nao_conveniada","privada",26,"RUA CATENDE, 311 JARDIM NORDESTE. 03691-000 São Paulo - SP.","NaN"," NaN"
35456871,"TLALVES - EDUCACAO INFANTIL","paralisada_2021","3_privada_nao_conveniada","privada",52,"RUA SABBADO DANGELO, 213 ITAQUERA. 08210-790 São Paulo - SP.","-46.45057"," -23.5353"
35456883,"EEI COLMEIA MAGICA","paralisada_2021","3_privada_nao_conveniada","privada",29,"RUA OLIMPIO DE CAMPOS, 290 JARDIM VILA FORMOSA. 03471-130 São Paulo - SP.","-46.52049"," -23.56325"
35461097,"NUCLEO EDUCACIONAL TRINDADE","paralisada_2021","3_privada_nao_conveniada","privada",10,"AVENIDA JACOBUS BALDI, 31 JARDIM IRACEMA. 05847-000 São Paulo - SP.","-46.74441"," -23.65494"
35464326,"ESCOLA PEQUIA","paralisada_2021","3_privada_nao_conveniada","privada",10,"DIOGO CORONEL, 578 RUA. JARDIM GLORIA. 01545-001 São Paulo - SP.","-46.62334"," -23.57847"
35466803,"ESC PART PASSO A PASSO ESCOLA INFANTIL","paralisada_2021","3_privada_nao_conveniada","privada",19,"RUA JISITI NODA, 151 JARDIM MARIA VIRGINIA. 05761-270 São Paulo - SP.","-46.76588"," -23.63716"
35472293,"CASINHA DA ALEGRIA ESCOLA","paralisada_2021","3_privada_nao_conveniada","privada",13,"PAULINO VITAL DE MORAIS, 601 RUA. PARQUE MARIA HELENA. 05855-000 São Paulo - SP.","-46.7625967"," -23.6632156"
35479536,"FOFINHO BERCARIO E ESCOLA","paralisada_2021","3_privada_nao_conveniada","privada",28,"RUA MAESTRO CARDIM, 1058 CASA. LIBERDADE. 01323-000 São Paulo - SP.","NaN"," NaN"
35497319,"ESC PART CONTO DE FADAS","paralisada_2021","3_privada_nao_conveniada","privada",23,"AVENIDA PARADA PINTO, 556 ALTOS. VILA NOVA CACHOEIRINHA. 02611-002 São Paulo - SP.","NaN"," NaN"
35497344,"SONHO DE CRIANCA CENTRO RECREATIVO INFANTIL","paralisada_2021","3_privada_nao_conveniada","privada",33,"RUA PROFESSOR RODOLFO SAO TIAGO, 74 BELENZINHO. 03059-050 São Paulo - SP.","-46.59123"," -23.53928"
35497393,"CR P CONV ABRACO DE MAE","paralisada_2021","2_privada_conveniada","pública ou conveniada",133,"TABATINGA, 751 VILA ITABERABA. 02847-020 São Paulo - SP.","-46.6909"," -23.4615"
35497400,"PIRULITO COLORIDO INSTITUTO INFANTIL","paralisada_2021","3_privada_nao_conveniada","privada",14,"RUA ARAGAO, 257 VILA MAZZEI. 02308-000 São Paulo - SP.","-46.60598"," -23.47521"
35507261,"CR P CONV EDNA MATTOS","paralisada_2021","2_privada_conveniada","pública ou conveniada",92,"MESTRE SIMEAO JOSE DE NAZARE, 368 JARDIM CECY. 02872-030 São Paulo - SP.","NaN"," NaN"
35507842,"LUA DE ALGODAO NUCLEO DE EDUCACAO INFANTIL UNIDADE II","paralisada_2021","3_privada_nao_conveniada","privada",14,"RUA DOUTOR ROMEO FERRO, 217 JARDIM BONFIGLIOLI. 05591-000 São Paulo - SP.","-46.73136"," -23.57946"
35560315,"ABC DO BABY ESCOLA DE EDUCACAO INFANTIL","paralisada_2021","3_privada_nao_conveniada","privada",40,"RUA CAMPO MAIOR, 60 CIDADE PATRIARCA. 03551-110 São Paulo - SP.","-46.50151"," -23.53382"
35561393,"CR P CONV TIA MIMA","extinta_2021","2_privada_conveniada","pública ou conveniada",198,"DAS LAGRIMAS, 810 IPIRANGA. 04232-000 São Paulo - SP.","NaN"," NaN"
35562105,"EDUCAR E CRESCER ESCOLA DE EDUCACAO INFANTIL","paralisada_2021","3_privada_nao_conveniada","privada",38,"RUA FRUTUOSO BARBOSA, 707 JARDIM PRIMAVERA ZONA SUL. 04812-030 São Paulo - SP.","-46.689849"," -23.7182605"
35564874,"LUZ DO SOL BERCARIO E EDUCACAO INFANTIL","extinta_2021","3_privada_nao_conveniada","privada",12,"RUA SALES JUNIOR, 294 ALTO DA LAPA. 05083-070 São Paulo - SP.","NaN"," NaN"
35567747,"CR P CONV NOVO AMANHECER - JARDIM AMALIA","extinta_2021","2_privada_conveniada","pública ou conveniada",110,"SERRA DA CANASTRA, 101 JARDIM AMALIA. 05890-220 São Paulo - SP.","-46.7869"," -23.6652"
35567991,"CR P CONV NOVO AMANHECER - JARDIM THOMAZ","paralisada_2021","2_privada_conveniada","pública ou conveniada",67,"MICHEL JACOB CHEID, 64 JARDIM THOMAZ. 05833-240 São Paulo - SP.","-46.7575"," -23.6735"
35568512,"CHARANGUINHA ESCOLA DE EDUCACAO INFANTIL","paralisada_2021","3_privada_nao_conveniada","privada",36,"RUA FONTOURA XAVIER, 298 ESQUINA. ITAQUERA. 08295-300 São Paulo - SP.","-46.4551"," -23.54823"
35568961,"M D VIDA NOVA INSTITUTO DE EDUCACAO INFANTIL","paralisada_2021","3_privada_nao_conveniada","privada",4,"RUA BRAGA, 49 VILA FACHINI. 04326-140 São Paulo - SP.","-46.63606"," -23.65415"
35576190,"CR P CONV GALPAO ATRIA II","paralisada_2021","2_privada_conveniada","pública ou conveniada",103,"ANTONIO LOMBARDO, 165 JARDIM SANTA TEREZINHA ZONA LESTE. 03572-230 São Paulo - SP.","-46.49910794"," -23.57335804"
35577637,"FADELITO EDUCACAO INFANTIL - FADELITO III","paralisada_2021","3_privada_nao_conveniada","privada",68,"RUA DOUTOR LUIZ MIGLIANO, 425 JARDIM VAZANI. 05711-000 São Paulo - SP.","NaN"," NaN"
35578373,"CR P CONV FLOR DO ORIENTE II","extinta_2021","2_privada_conveniada","pública ou conveniada",70,"MANUEL NUNES FIGUEIRA, 220 CHACARA DONA OLIVIA. 08141-300 São Paulo - SP.","NaN"," NaN"
35578794,"CR P CONV AMANHECER","extinta_2021","2_privada_conveniada","pública ou conveniada",57,"LOUIS CARRAND, 63 JARDIM MACEDONIA. 05894-360 São Paulo - SP.","-46.79061553"," -23.65079419"
35579336,"ESC PART COLEGIO AGNUS DEI JUNIOR","extinta_2021","3_privada_nao_conveniada","privada",43,"RUA JOAO AMOS COMENIUS, 1217 J. S. BERNARDO. 04844-420 São Paulo - SP.","NaN"," NaN"
35580478,"ESC PART E BOM SONHAR E E I","paralisada_2021","3_privada_nao_conveniada","privada",9,"RUA JOSE DE ALBUQUERQUE MEDEIROS, 30 AGUA FRIA. 02336-000 São Paulo - SP.","NaN"," NaN"
35583388,"ESCOLA DE EDUCACAO INFANTIL GRAO DE CHAO II","extinta_2021","3_privada_nao_conveniada","privada",11,"RUA TANABI, 201 AGUA BRANCA. 05002-010 São Paulo - SP.","-46.675003"," -23.5304247"
35583728,"CR P CONV PAULO FREIRE","paralisada_2021","2_privada_conveniada","pública ou conveniada",103,"CAIAPE, 167 VILA PENTEADO. 02867-000 São Paulo - SP.","NaN"," NaN"
35583820,"ESC PART NOVA ALIANCA E I","paralisada_2021","3_privada_nao_conveniada","privada",2,"AVENIDA ABILIO PEDRO RAMOS, 812 JACANA. 02279-000 São Paulo - SP.","NaN"," NaN"
35584551,"ESCOLA DE EDUCACAO INFANTIL CATA-VENTO","paralisada_2021","3_privada_nao_conveniada","privada",47,"RUA OLGA FADEL ABARCA, 125 JARDIM SANTA TERESINHA. 03572-020 São Paulo - SP.","-46.5027463"," -23.5711057"
35584678,"CR P CONV VOVO MIRA","paralisada_2021","2_privada_conveniada","pública ou conveniada",101,"SANTA, 144 VILA MASCOTE. 04363-070 São Paulo - SP.","NaN"," NaN"
35585397,"ESCOLA KINDERGARTEN BABIES","paralisada_2021","3_privada_nao_conveniada","privada",47,"RUA AZEVEDO SOARES, 2143 VILA GOMES CARDIM. 03322-000 São Paulo - SP.","NaN"," NaN"
35585956,"ESCOLA DE EDUCACAO DE INFANTIL RECANTO DAS BEXIGAS","paralisada_2021","3_privada_nao_conveniada","privada",15,"UACUMA, 624 RUA. JARDIM SANTA MARIA. 03575-000 São Paulo - SP.","NaN"," NaN"
35586812,"ESC PART BUSCANDO HORIZONTES","paralisada_2021","3_privada_nao_conveniada","privada",2,"JOAO BATISTA DI VITORIANO, 179 AVENIDA. JARDIM CONSORCIO. 04436-000 São Paulo - SP.","NaN"," NaN"
35586936,"LIPILULU EDUCACAO INFANTIL","paralisada_2021","3_privada_nao_conveniada","privada",13,"RUA EVANS, 193 03648-020 São Paulo - SP.","NaN"," NaN"
35586961,"ESCOLA DE EDUCACAO INFANTIL AQUARELA DA INFANCIA","paralisada_2021","3_privada_nao_conveniada","privada",23,"RUA SANTA GERTRUDES, 788 780. TATUAPE. 03408-020 São Paulo - SP.","-46.5500387"," -23.5479312"
35587448,"CR P CONV ARLETE ANIZETE DE OLIVEIRA LIMA","paralisada_2021","2_privada_conveniada","pública ou conveniada",113,"ENOCH BARREIRA DE MACEDO, 130 PARQUE TIETE. 02870-140 São Paulo - SP.","NaN"," NaN"
35800673,"INSTITUTO EDUCACIONAL DESCOBRINDO A VIDA LTDA","extinta_2021","3_privada_nao_conveniada","privada",19,"RUA CARNEIRO DA SILVA, 86 VILA LEOPOLDINA. 05304-020 São Paulo - SP.","NaN"," NaN"
35800797,"MEU PEQUENO MUNDO GRANDE CENTRO DE RECR E DESENVOLVIMENTO INFANTIL SC LTDA","paralisada_2021","3_privada_nao_conveniada","privada",45,"RUA BREJO ALEGRE, 398 BROOKLIN PAULISTA. 04557-051 São Paulo - SP.","-46.68293"," -23.60208"
35800880,"PLANETA CRIANCA E E I","paralisada_2021","3_privada_nao_conveniada","privada",44,"RUA DOS BRASOES, 142 SANTO AMARO. 04603-030 São Paulo - SP.","-46.6875"," -23.62879"
35801239,"VILA GUILHERME COLEGIO","paralisada_2021","3_privada_nao_conveniada","privada",6,"RUA GALATEA, 1794 RUA. VILA GUILHERME. 02068-000 São Paulo - SP.","-46.6113636"," -23.502999"
35801318,"EDUCANDARIO DA VILA SANTA THEREZA","paralisada_2021","3_privada_nao_conveniada","privada",13,"RUA AFONSO PORTO, 333 ARTUR ALVIM. 03567-030 São Paulo - SP.","-46.48921"," -23.53863"
35802670,"ARRAIAL DAS CORES ESCOLA","extinta_2021","3_privada_nao_conveniada","privada",16,"MACUNIS, 136 RUA. VILA MADALENA. 05444-000 São Paulo - SP.","-46.6961167"," -23.5590037"
35803819,"AGAPE COLEGIO","extinta_2021","3_privada_nao_conveniada","privada",17,"SABAO, 1172 ESTRADA. JARDIM MARISTELA. 02806-000 São Paulo - SP.","-46.6981742"," -23.4720429"
35806328,"INVENCOES COLEGIO","extinta_2021","3_privada_nao_conveniada","privada",28,"RUA TANABI, 334 RUA. PERDIZES. 05002-010 São Paulo - SP.","-46.6758061"," -23.529232"
35807285,"FADELITO CENTRO DE CONVICENCIA INF SC LTDA UN II","paralisada_2021","3_privada_nao_conveniada","privada",91,"PRACA ISAI LEINER, 164 JARDIM BONFIGLIOLI. 05592-140 São Paulo - SP.","-46.74171"," -23.57663"
35807552,"CENTRO EDUCACIONAL PRO-HOPE","paralisada_2021","3_privada_nao_conveniada","privada",3,"ALAMEDA DOS GUAIINUMBIS, 1027 ALAMEDA. PLANALTO PAULISTA. 04067-001 São Paulo - SP.","-46.65379"," -23.61414"
35808088,"RODHUM COLEGIO","paralisada_2021","3_privada_nao_conveniada","privada",16,"OTAVIANO BASILIO DA SILVA, 83/85 RUA. BRASILANDIA. 02845-120 São Paulo - SP.","-46.6929789"," -23.4710392"
35809573,"MIRANTE COLEGIO","extinta_2021","3_privada_nao_conveniada","privada",22,"RUA CONCEICAO PEREIRA, 325 RUA. PENHA. 03642-040 São Paulo - SP.","-46.5374314"," -23.5267646"
35813175,"LETRINHAS MAGICAS CENTRO RECREATIVO","extinta_2021","3_privada_nao_conveniada","privada",8,"RUA DOUTOR JOAO TONIOLO, 112 JARDIM SAO JOSE ZONA NORTE. 02969-000 São Paulo - SP.","-46.71441"," -23.48632"
35813230,"ROTERDAN INSTITUTO EDUCACIONAL","paralisada_2021","3_privada_nao_conveniada","privada",10,"FERNANDO MENDES DE ALMEIDA, 910 AVENIDA. PARQUE TAIPAS. 02987-100 São Paulo - SP.","NaN"," NaN"
35813953,"ESC PART GENIUS I E","paralisada_2021","3_privada_nao_conveniada","privada",9,"RUA VIRGILIO RODRIGUES, 06 TREMEMBE. 02372-020 São Paulo - SP.","NaN"," NaN"
35814209,"ACONCHEGO ESCOLA DE EDUC INFANTIL","paralisada_2021","3_privada_nao_conveniada","privada",48,"RUA QUITANDUBA, 50 CAXINGUI. 05516-030 São Paulo - SP.","-46.71539"," -23.58292"
35434954,"SUZANINHO ESCOLA DE EDUCACAO INFANTIL","paralisada_2021","3_privada_nao_conveniada","privada",19,"CARAMURU, 151 155. CIDADE EDSON. 08665-330 Suzano - SP.","-46.3091406"," -23.5572649"
35440425,"TRENZINHO MAGICO NUCLEO DE EDUCACAO INFANTIL","paralisada_2021","3_privada_nao_conveniada","privada",37,"PORTUGAL FREIXO, 192 RUA. CENTRO. 08674-170 Suzano - SP.","-46.31229"," -23.5390075"
35468058,"PEDACINHO DO CEU NUCLEO DE CONVIVENCIA INFANTIL","paralisada_2021","3_privada_nao_conveniada","privada",23,"ANTONIO MAYER, 138 RUA. JARDIM SANTO ANTONIO. 08674-310 Suzano - SP.","-46.3154194"," -23.5488042"
35564370,"CETES EDUCACAO INFANTIL COLEGIO","paralisada_2021","3_privada_nao_conveniada","privada",16,"ALBERT OSWALD, 292 RUA. PARQUE SUZANO. 08673-030 Suzano - SP.","-46.3141715"," -23.5362127"
35290403,"PORTO DELFORTH ESCOLA","paralisada_2021","3_privada_nao_conveniada","privada",20,"ACYLINO VENTINO DE MORAES, 218 RUA. JARDIM SAO PAULO. 06767-300 Taboão da Serra - SP.","-46.7882541"," -23.6211152"
35366055,"SOLAR DOS UNIDOS PROGRAMA DE ATENDIMENTO A CRIANCA","extinta_2021","2_privada_conveniada","pública ou conveniada",155,"PAULO AUGUSTO DE ANDRADE, 233 RUA. JARDIM SAO JUDAS TADEU. 06786-070 Taboão da Serra - SP.","-46.8102593"," -23.6296003"
35481920,"SOLAR DOS UNIDOS PROGRAMA DE ATENDIMENTO A CRIANCA III","extinta_2021","2_privada_conveniada","pública ou conveniada",113,"LAUDELINO GOMES RIBEIRO, 255 RUA. JARDIM IRACEMA. 06770-100 Taboão da Serra - SP.","-46.7847095"," -23.6358054"
35482161,"ENCANTOS DE CRIANCA ESCOLA DE EDUCACAO INFANTIL E BERCARIO","extinta_2021","3_privada_nao_conveniada","privada",5,"MARINO MARTINS DE OLIVEIRA, 341 PARQUE MONTE ALEGRE. 06756-030 Taboão da Serra - SP.","-46.75326"," -23.60609"
35811567,"SAPEQUINHA ESCOLA DE EDUCACAO INFANTIL","extinta_2021","3_privada_nao_conveniada","privada",26,"RUA JOSE ANDRE DE MORAES, 1270 RUA. JARDIM MONTE ALEGRE. 06755-000 Taboão da Serra - SP.","-46.7691783"," -23.600833"
35811592,"QUERO COLO ESCOLA DE EDUCACAO INFANTIL","extinta_2021","3_privada_nao_conveniada","privada",8,"RUA ALICE VAZAMI, 103 RUA. JARDIM MONTE ALEGRE. 06755-370 Taboão da Serra - SP.","-46.7924417"," -23.6387877"
35369202,"MARCILIO LINO ESCOLA MUNICIPAL","paralisada_2021","1_publica","pública ou conveniada",12,"RUA NATUREZA, 04 RUA. TIJUCO PRETO. 06730-000 Vargem Grande Paulista - SP.","-46.9919905"," -23.6337859"
